,上市,上櫃,不動產,中國,中華民國,中長,丹麥,主動,主權債,亞洲,俄羅斯,債券,債市,全球,公債,公司債,公司股票,加拿大,南非,南韓,印尼,印度,國內,土耳其,墨西哥,外匯,外國,多元,大洋洲,大陸,安全,安定,專業,巴基斯坦,巴西,店頭,德國,憑證,挪威,捷克,新加坡,新興,日本,期貨,本國,槓桿型,權證,歐洲,法國,波動,泰國,澳洲,澳門,瑞典,瑞士,百分之七十,百分之九十,百分之二十,百分之五,百分之六十,百分之十,百分之四十,百慕達,盧森堡,短期,積極,紐西蘭,美國,美洲,股債,股市,股票,興櫃,英國,葡萄牙,被動,西亞,西班牙,誠信,證券,越南,連動型,選擇權,長期,開曼,阿根廷,韓國,香港,高收益債
上市,38702.0,2064.0,92.0,4.0,285.0,160.0,16.0,0.0,0.0,0.0,48.0,6869.0,0.0,200.0,54.0,1178.0,6.0,0.0,8.0,0.0,0.0,32.0,1577.0,0.0,0.0,0.0,269.0,0.0,0.0,0.0,56.0,355.0,2243.0,0.0,0.0,0.0,0.0,2340.0,0.0,0.0,8.0,0.0,0.0,621.0,0.0,0.0,86.0,220.0,0.0,0.0,0.0,0.0,0.0,0.0,80.0,2279.0,6.0,128.0,0.0,1688.0,66.0,0.0,0.0,0.0,1930.0,0.0,0.0,0.0,0.0,0.0,3330.0,5472.0,30.0,0.0,0.0,0.0,0.0,24.0,221.0,2286.0,0.0,0.0,8.0,683.0,0.0,0.0,0.0,0.0,0.0
上櫃,2064.0,27958.0,5805.0,156.0,2792.0,150.0,50.0,0.0,0.0,18.0,18.0,30655.0,0.0,9.0,121.0,6948.0,0.0,206.0,9.0,0.0,376.0,72.0,6495.0,0.0,160.0,0.0,3757.0,60.0,0.0,489.0,1752.0,1394.0,7139.0,15.0,0.0,376.0,80.0,17322.0,150.0,157.0,89.0,63.0,101.0,2023.0,839.0,3066.0,420.0,0.0,122.0,0.0,21.0,260.0,0.0,56.0,128.0,5866.0,96.0,288.0,324.0,9929.0,156.0,0.0,256.0,72.0,16.0,0.0,38.0,733.0,100.0,0.0,0.0,10303.0,2184.0,152.0,56.0,0.0,0.0,47.0,484.0,25762.0,24.0,328.0,3.0,2786.0,0.0,0.0,167.0,167.0,558.0
不動產,92.0,5805.0,164145.0,2833.0,15900.0,520.0,165.0,36.0,0.0,607.0,1000.0,108967.0,0.0,391.0,252.0,40547.0,24.0,2177.0,252.0,64.0,2496.0,1720.0,10317.0,1375.0,1202.0,0.0,22446.0,380.0,1152.0,2748.0,1580.0,4515.0,34362.0,3239.0,305.0,4959.0,760.0,94455.0,260.0,1391.0,1504.0,1910.0,1900.0,10627.0,1085.0,9646.0,3382.0,138.0,1258.0,0.0,699.0,805.0,628.0,224.0,280.0,8003.0,748.0,160.0,2069.0,11604.0,1104.0,0.0,6024.0,1160.0,2107.0,0.0,546.0,14645.0,250.0,132.0,0.0,64904.0,2260.0,3805.0,1726.0,0.0,818.0,358.0,2836.0,217134.0,150.0,250.0,0.0,7031.0,990.0,1778.0,3394.0,7677.0,1794.0
中國,4.0,156.0,2833.0,28628.0,481.0,0.0,15.0,0.0,0.0,431.0,95.0,13832.0,480.0,0.0,44.0,1804.0,9.0,393.0,122.0,0.0,185.0,50.0,543.0,112.0,247.0,120.0,969.0,0.0,0.0,1152.0,677.0,1038.0,1284.0,392.0,151.0,687.0,94.0,4283.0,92.0,37.0,109.0,564.0,116.0,306.0,336.0,0.0,20.0,0.0,135.0,1537.0,43.0,329.0,1131.0,32.0,54.0,1045.0,68.0,1116.0,104.0,6575.0,66.0,0.0,531.0,67.0,0.0,0.0,183.0,434.0,0.0,0.0,0.0,2897.0,12.0,301.0,223.0,0.0,184.0,45.0,112.0,18406.0,28.0,0.0,0.0,2346.0,198.0,248.0,124.0,3200.0,1398.0
中華民國,285.0,2792.0,15900.0,481.0,34366.0,30.0,132.0,0.0,0.0,440.0,180.0,45468.0,152.0,423.0,169.0,15644.0,48.0,2190.0,630.0,14.0,2369.0,212.0,9497.0,622.0,2184.0,1685.0,14539.0,0.0,1000.0,442.0,4872.0,1667.0,13744.0,838.0,116.0,2500.0,730.0,39307.0,1684.0,2380.0,149.0,772.0,918.0,3708.0,3382.0,9479.0,604.0,99.0,251.0,0.0,83.0,1413.0,32.0,115.0,180.0,8056.0,48.0,115.0,478.0,1359.0,127.0,0.0,2530.0,721.0,11452.0,0.0,111.0,4498.0,50.0,0.0,0.0,19165.0,537.0,1354.0,1100.0,0.0,555.0,114.0,1055.0,82956.0,631.0,308.0,6157.0,2799.0,389.0,586.0,1965.0,2216.0,10.0
中長,160.0,150.0,520.0,0.0,30.0,5592.0,0.0,0.0,0.0,0.0,0.0,2482.0,0.0,2177.0,20.0,250.0,0.0,0.0,0.0,0.0,0.0,0.0,290.0,0.0,0.0,0.0,1.0,0.0,60.0,0.0,152.0,72.0,354.0,0.0,0.0,0.0,0.0,610.0,0.0,0.0,0.0,0.0,0.0,0.0,0.0,0.0,0.0,0.0,0.0,1120.0,0.0,0.0,0.0,0.0,0.0,990.0,0.0,160.0,0.0,280.0,40.0,0.0,0.0,0.0,0.0,0.0,0.0,0.0,0.0,0.0,525.0,882.0,0.0,0.0,0.0,0.0,0.0,0.0,31.0,524.0,0.0,0.0,0.0,756.0,0.0,0.0,0.0,0.0,0.0
丹麥,16.0,50.0,165.0,15.0,132.0,0.0,309.0,0.0,0.0,0.0,12.0,860.0,0.0,144.0,278.0,537.0,0.0,46.0,902.0,0.0,96.0,8.0,140.0,74.0,25.0,0.0,139.0,0.0,8.0,2.0,0.0,39.0,414.0,18.0,0.0,57.0,70.0,1364.0,4.0,168.0,24.0,48.0,193.0,0.0,0.0,0.0,0.0,38.0,49.0,0.0,19.0,112.0,0.0,60.0,140.0,0.0,0.0,0.0,0.0,0.0,0.0,0.0,0.0,14.0,0.0,0.0,12.0,237.0,0.0,0.0,0.0,325.0,17.0,166.0,7.0,0.0,3.0,6.0,35.0,796.0,0.0,0.0,0.0,29.0,0.0,0.0,420.0,6.0,0.0
主動,0.0,0.0,36.0,0.0,0.0,0.0,0.0,30961.0,0.0,9.0,0.0,29170.0,0.0,0.0,0.0,9.0,0.0,0.0,0.0,0.0,9.0,27.0,0.0,0.0,0.0,0.0,16.0,6490.0,0.0,0.0,48.0,64.0,240.0,153.0,0.0,0.0,0.0,0.0,0.0,0.0,0.0,164.0,0.0,0.0,0.0,0.0,0.0,27.0,0.0,16380.0,0.0,0.0,0.0,0.0,0.0,0.0,0.0,0.0,0.0,38.0,0.0,0.0,9.0,0.0,0.0,0.0,0.0,0.0,0.0,0.0,0.0,522.0,0.0,0.0,0.0,24.0,0.0,0.0,16.0,1896.0,18.0,0.0,0.0,288.0,108.0,0.0,0.0,0.0,0.0
主權債,0.0,0.0,0.0,0.0,0.0,0.0,0.0,0.0,23865.0,0.0,0.0,52826.0,0.0,342.0,0.0,144.0,0.0,0.0,0.0,0.0,0.0,0.0,0.0,0.0,0.0,0.0,0.0,0.0,0.0,0.0,0.0,0.0,5600.0,0.0,0.0,0.0,0.0,0.0,0.0,0.0,0.0,22414.0,0.0,0.0,0.0,0.0,0.0,0.0,0.0,1200.0,0.0,0.0,0.0,0.0,0.0,0.0,0.0,0.0,1115.0,3688.0,0.0,0.0,0.0,0.0,0.0,0.0,0.0,0.0,0.0,0.0,0.0,0.0,0.0,0.0,0.0,0.0,0.0,0.0,0.0,8711.0,0.0,0.0,0.0,0.0,0.0,0.0,0.0,0.0,0.0
亞洲,0.0,18.0,607.0,431.0,440.0,0.0,0.0,9.0,0.0,25193.0,119.0,14348.0,1023.0,866.0,0.0,291.0,0.0,81.0,33.0,0.0,185.0,3.0,0.0,144.0,0.0,0.0,59.0,2656.0,0.0,116.0,247.0,170.0,2796.0,1647.0,0.0,81.0,0.0,903.0,0.0,0.0,93.0,7512.0,110.0,0.0,0.0,0.0,0.0,798.0,87.0,0.0,2.0,308.0,48.0,0.0,160.0,8.0,154.0,0.0,402.0,1039.0,0.0,90.0,352.0,0.0,0.0,0.0,0.0,121.0,33.0,0.0,0.0,271.0,0.0,169.0,81.0,0.0,267.0,0.0,88.0,14949.0,98.0,0.0,0.0,207.0,39.0,0.0,230.0,0.0,4067.0
俄羅斯,48.0,18.0,1000.0,95.0,180.0,0.0,12.0,0.0,0.0,119.0,7533.0,1196.0,0.0,0.0,105.0,867.0,0.0,1501.0,23.0,0.0,1104.0,24.0,42.0,3652.0,60.0,0.0,657.0,0.0,0.0,24.0,0.0,96.0,506.0,27.0,5.0,765.0,0.0,6710.0,18.0,1823.0,30.0,474.0,0.0,84.0,0.0,0.0,0.0,0.0,520.0,0.0,0.0,0.0,0.0,6.0,60.0,0.0,0.0,0.0,92.0,120.0,0.0,0.0,227.0,258.0,0.0,0.0,83.0,451.0,0.0,0.0,0.0,4418.0,0.0,333.0,0.0,0.0,2436.0,27.0,47.0,3112.0,0.0,0.0,0.0,270.0,0.0,78.0,5.0,129.0,0.0
債券,6869.0,30655.0,108967.0,13832.0,45468.0,2482.0,860.0,29170.0,52826.0,14348.0,1196.0,2829667.0,918.0,37922.0,104399.0,133183.0,196.0,5259.0,3304.0,609.0,16751.0,49611.0,70775.0,2761.0,4398.0,0.0,110189.0,39952.0,4088.0,2702.0,15407.0,19086.0,196105.0,8533.0,553.0,9697.0,3179.0,273142.0,2554.0,6331.0,3271.0,567658.0,6581.0,19289.0,18474.0,47732.0,5808.0,2694.0,2618.0,33707.0,1528.0,2411.0,12225.0,983.0,3656.0,41257.0,19290.0,1288.0,27963.0,240091.0,18956.0,2480.0,15400.0,3692.0,22773.0,856.0,1946.0,38901.0,1023.0,8667.0,0.0,141128.0,4581.0,9453.0,4741.0,1912.0,5902.0,2062.0,8165.0,694297.0,2553.0,3384.0,1792.0,44803.0,3286.0,3187.0,9667.0,18178.0,140784.0
債市,0.0,0.0,0.0,480.0,152.0,0.0,0.0,0.0,0.0,1023.0,0.0,918.0,29368.0,22.0,0.0,0.0,0.0,0.0,0.0,0.0,0.0,0.0,140.0,0.0,0.0,9504.0,0.0,1034.0,0.0,0.0,27400.0,5885.0,0.0,0.0,0.0,11985.0,0.0,0.0,0.0,0.0,0.0,1035.0,0.0,0.0,0.0,0.0,0.0,0.0,0.0,0.0,0.0,0.0,0.0,0.0,0.0,0.0,0.0,23389.0,3987.0,0.0,1750.0,0.0,0.0,0.0,0.0,0.0,0.0,0.0,0.0,0.0,0.0,0.0,0.0,0.0,0.0,0.0,0.0,0.0,0.0,610.0,0.0,0.0,0.0,1800.0,0.0,0.0,0.0,2720.0,231.0
全球,200.0,9.0,391.0,0.0,423.0,2177.0,144.0,0.0,342.0,866.0,0.0,37922.0,22.0,309082.0,0.0,2012.0,0.0,749.0,876.0,0.0,1177.0,0.0,1235.0,72.0,1070.0,0.0,12685.0,432.0,0.0,8.0,2528.0,396.0,16771.0,963.0,0.0,321.0,214.0,7443.0,0.0,928.0,0.0,4664.0,10922.0,14.0,0.0,3.0,0.0,180.0,36.0,1963.0,0.0,0.0,0.0,36.0,84.0,3336.0,7470.0,1480.0,1036.0,9856.0,4886.0,0.0,728.0,0.0,0.0,0.0,0.0,60.0,0.0,0.0,0.0,32349.0,3.0,0.0,321.0,0.0,0.0,0.0,177.0,36226.0,0.0,0.0,4488.0,4184.0,84.0,749.0,107.0,642.0,414.0
公債,54.0,121.0,252.0,44.0,169.0,20.0,278.0,0.0,0.0,0.0,105.0,104399.0,0.0,0.0,61821.0,985.0,0.0,98.0,65.0,0.0,154.0,10.0,213.0,7.0,0.0,0.0,612.0,0.0,0.0,6.0,22.0,165.0,15234.0,0.0,21.0,355.0,91.0,4474.0,0.0,196.0,39.0,70906.0,250.0,101.0,0.0,15.0,16.0,370.0,186.0,13300.0,2.0,154.0,0.0,44.0,66.0,269.0,0.0,0.0,5496.0,850.0,4.0,0.0,1023.0,0.0,166.0,0.0,27.0,313.0,0.0,0.0,0.0,1432.0,42.0,262.0,54.0,0.0,18.0,0.0,97.0,7575.0,0.0,0.0,129.0,1024.0,18.0,0.0,571.0,0.0,7920.0
公司債,1178.0,6948.0,40547.0,1804.0,15644.0,250.0,537.0,9.0,144.0,291.0,867.0,133183.0,0.0,2012.0,985.0,80374.0,156.0,1792.0,1427.0,173.0,2062.0,4467.0,14741.0,1728.0,3395.0,0.0,24308.0,200.0,6168.0,720.0,1502.0,4370.0,28804.0,2161.0,148.0,4088.0,2467.0,80853.0,2022.0,5934.0,844.0,24013.0,1965.0,10806.0,4373.0,14539.0,2968.0,462.0,808.0,1200.0,514.0,1755.0,52.0,526.0,1373.0,3242.0,156.0,184.0,164.0,2504.0,678.0,258.0,9308.0,3405.0,1975.0,0.0,863.0,8988.0,125.0,1234.0,0.0,36519.0,2285.0,3561.0,2371.0,0.0,4401.0,338.0,2675.0,159337.0,3411.0,496.0,6.0,22282.0,1710.0,1930.0,4223.0,1998.0,2921.0
公司股票,6.0,0.0,24.0,9.0,48.0,0.0,0.0,0.0,0.0,0.0,0.0,196.0,0.0,0.0,0.0,156.0,437.0,0.0,0.0,0.0,0.0,0.0,0.0,0.0,0.0,0.0,38.0,0.0,0.0,0.0,0.0,50.0,78.0,0.0,0.0,0.0,0.0,36.0,0.0,0.0,0.0,0.0,0.0,234.0,0.0,0.0,12.0,0.0,0.0,0.0,0.0,0.0,0.0,0.0,0.0,230.0,12.0,0.0,0.0,36.0,4.0,0.0,0.0,0.0,0.0,0.0,0.0,0.0,0.0,0.0,0.0,450.0,0.0,0.0,0.0,0.0,0.0,0.0,6.0,463.0,0.0,0.0,0.0,196.0,0.0,0.0,0.0,0.0,0.0
加拿大,0.0,206.0,2177.0,393.0,2190.0,0.0,46.0,0.0,0.0,81.0,1501.0,5259.0,0.0,749.0,98.0,1792.0,0.0,2367.0,4.0,0.0,1068.0,108.0,645.0,646.0,872.0,0.0,513.0,0.0,8.0,299.0,0.0,223.0,1974.0,459.0,60.0,297.0,340.0,5376.0,688.0,1199.0,105.0,114.0,142.0,0.0,0.0,0.0,76.0,14.0,428.0,0.0,0.0,615.0,78.0,40.0,42.0,0.0,0.0,0.0,0.0,0.0,0.0,0.0,3237.0,164.0,0.0,0.0,12.0,263.0,250.0,0.0,0.0,1888.0,2.0,613.0,1242.0,0.0,732.0,98.0,176.0,12742.0,114.0,0.0,0.0,1384.0,603.0,133.0,369.0,564.0,0.0
南非,8.0,9.0,252.0,122.0,630.0,0.0,902.0,0.0,0.0,33.0,23.0,3304.0,0.0,876.0,65.0,1427.0,0.0,4.0,5675.0,0.0,14.0,4.0,664.0,640.0,377.0,0.0,78.0,0.0,576.0,0.0,0.0,171.0,1320.0,100.0,1.0,6.0,345.0,119.0,176.0,1042.0,3.0,364.0,22.0,0.0,0.0,0.0,0.0,392.0,257.0,0.0,33.0,344.0,0.0,285.0,590.0,0.0,0.0,0.0,0.0,85.0,0.0,0.0,829.0,67.0,0.0,0.0,105.0,253.0,121.0,0.0,0.0,95.0,2.0,29.0,176.0,0.0,552.0,48.0,121.0,4014.0,432.0,0.0,0.0,281.0,144.0,314.0,51.0,31.0,0.0
南韓,0.0,0.0,64.0,0.0,14.0,0.0,0.0,0.0,0.0,0.0,0.0,609.0,0.0,0.0,0.0,173.0,0.0,0.0,0.0,13.0,3.0,927.0,15.0,21.0,11.0,0.0,0.0,0.0,0.0,18.0,0.0,1.0,86.0,15.0,7.0,19.0,0.0,182.0,0.0,31.0,37.0,203.0,0.0,0.0,0.0,0.0,0.0,0.0,0.0,0.0,0.0,0.0,0.0,0.0,0.0,8.0,118.0,0.0,0.0,111.0,49.0,4.0,0.0,0.0,0.0,0.0,0.0,0.0,0.0,18.0,0.0,122.0,0.0,0.0,0.0,0.0,3.0,0.0,2.0,342.0,2.0,0.0,0.0,0.0,0.0,0.0,0.0,0.0,24.0
印尼,0.0,376.0,2496.0,185.0,2369.0,0.0,96.0,9.0,0.0,185.0,1104.0,16751.0,0.0,1177.0,154.0,2062.0,0.0,1068.0,14.0,3.0,15301.0,499.0,1058.0,1680.0,1038.0,0.0,836.0,0.0,0.0,132.0,0.0,179.0,1494.0,417.0,108.0,411.0,222.0,8004.0,792.0,1091.0,125.0,18.0,170.0,15.0,0.0,0.0,102.0,3.0,105.0,0.0,6.0,714.0,0.0,86.0,93.0,250.0,0.0,0.0,0.0,572.0,0.0,0.0,745.0,169.0,0.0,0.0,21.0,644.0,0.0,0.0,0.0,3705.0,7.0,624.0,379.0,0.0,0.0,96.0,146.0,12424.0,134.0,0.0,0.0,165.0,36.0,245.0,430.0,777.0,0.0
印度,32.0,72.0,1720.0,50.0,212.0,0.0,8.0,27.0,0.0,3.0,24.0,49611.0,0.0,0.0,10.0,4467.0,0.0,108.0,4.0,927.0,499.0,112846.0,686.0,0.0,0.0,0.0,328.0,0.0,0.0,0.0,130.0,294.0,8898.0,101.0,76.0,60.0,0.0,8643.0,0.0,224.0,1291.0,0.0,80.0,0.0,0.0,0.0,0.0,9.0,0.0,0.0,20.0,2.0,0.0,96.0,136.0,898.0,11438.0,0.0,190.0,11971.0,5037.0,0.0,995.0,128.0,0.0,0.0,140.0,222.0,0.0,4320.0,0.0,11320.0,0.0,124.0,96.0,0.0,0.0,140.0,46.0,22491.0,6.0,0.0,0.0,126.0,68.0,224.0,0.0,160.0,0.0
國內,1577.0,6495.0,10317.0,543.0,9497.0,290.0,140.0,0.0,0.0,0.0,42.0,70775.0,140.0,1235.0,213.0,14741.0,0.0,645.0,664.0,15.0,1058.0,686.0,62762.0,348.0,552.0,60.0,19487.0,0.0,0.0,173.0,2085.0,3595.0,16802.0,167.0,144.0,1602.0,198.0,35483.0,342.0,1040.0,172.0,2932.0,1772.0,2957.0,5674.0,10841.0,808.0,18.0,249.0,0.0,68.0,351.0,0.0,189.0,340.0,11047.0,1120.0,208.0,165.0,5186.0,860.0,0.0,2700.0,166.0,8461.0,0.0,213.0,4155.0,236.0,0.0,0.0,25045.0,272.0,1622.0,281.0,0.0,48.0,264.0,1735.0,58325.0,82.0,1016.0,9.0,3673.0,42.0,315.0,2781.0,813.0,973.0
土耳其,0.0,0.0,1375.0,112.0,622.0,0.0,74.0,0.0,0.0,144.0,3652.0,2761.0,0.0,72.0,7.0,1728.0,0.0,646.0,640.0,21.0,1680.0,0.0,348.0,4452.0,553.0,0.0,130.0,0.0,432.0,36.0,0.0,149.0,1023.0,142.0,167.0,435.0,335.0,5648.0,144.0,1914.0,201.0,921.0,297.0,238.0,0.0,0.0,0.0,48.0,250.0,0.0,204.0,501.0,0.0,70.0,94.0,0.0,0.0,0.0,0.0,180.0,0.0,0.0,552.0,102.0,0.0,0.0,0.0,623.0,0.0,0.0,0.0,2627.0,0.0,632.0,132.0,0.0,1431.0,96.0,102.0,6764.0,366.0,0.0,0.0,348.0,108.0,104.0,679.0,170.0,0.0
墨西哥,0.0,160.0,1202.0,247.0,2184.0,0.0,25.0,0.0,0.0,0.0,60.0,4398.0,0.0,1070.0,0.0,3395.0,0.0,872.0,377.0,11.0,1038.0,0.0,552.0,553.0,2200.0,0.0,550.0,0.0,1584.0,72.0,0.0,307.0,1632.0,605.0,57.0,331.0,953.0,5575.0,1126.0,2560.0,266.0,255.0,271.0,0.0,0.0,0.0,80.0,132.0,131.0,0.0,304.0,944.0,0.0,150.0,110.0,0.0,0.0,0.0,0.0,0.0,0.0,0.0,2304.0,170.0,0.0,0.0,520.0,736.0,0.0,0.0,0.0,1017.0,65.0,339.0,845.0,0.0,1776.0,101.0,162.0,13595.0,1322.0,0.0,0.0,871.0,396.0,810.0,673.0,658.0,0.0
外匯,0.0,0.0,0.0,120.0,1685.0,0.0,0.0,0.0,0.0,0.0,0.0,0.0,9504.0,0.0,0.0,0.0,0.0,0.0,0.0,0.0,0.0,0.0,60.0,0.0,0.0,16453.0,0.0,0.0,0.0,0.0,24938.0,3610.0,0.0,0.0,0.0,8522.0,0.0,0.0,0.0,0.0,0.0,0.0,0.0,0.0,0.0,0.0,0.0,0.0,0.0,0.0,0.0,0.0,0.0,0.0,0.0,0.0,0.0,7635.0,1617.0,0.0,1204.0,0.0,0.0,0.0,1386.0,0.0,0.0,0.0,0.0,0.0,0.0,0.0,0.0,0.0,0.0,0.0,0.0,0.0,0.0,5414.0,0.0,0.0,11892.0,135.0,0.0,0.0,0.0,680.0,0.0
外國,269.0,3757.0,22446.0,969.0,14539.0,1.0,139.0,16.0,0.0,59.0,657.0,110189.0,0.0,12685.0,612.0,24308.0,38.0,513.0,78.0,0.0,836.0,328.0,19487.0,130.0,550.0,0.0,285581.0,0.0,290.0,357.0,2662.0,3354.0,46561.0,817.0,24.0,5248.0,410.0,112434.0,194.0,554.0,397.0,6048.0,3325.0,5228.0,17183.0,19304.0,3250.0,96.0,1106.0,0.0,462.0,347.0,312.0,396.0,657.0,57595.0,51324.0,114.0,2023.0,13824.0,920.0,1475.0,1410.0,249.0,3169.0,0.0,82.0,11157.0,0.0,396.0,0.0,70064.0,661.0,3954.0,549.0,0.0,2505.0,339.0,2512.0,160941.0,234.0,356.0,2520.0,22339.0,193.0,167.0,5227.0,1839.0,2674.0
多元,0.0,60.0,380.0,0.0,0.0,0.0,0.0,6490.0,0.0,2656.0,0.0,39952.0,1034.0,432.0,0.0,200.0,0.0,0.0,0.0,0.0,0.0,0.0,0.0,0.0,0.0,0.0,0.0,23491.0,0.0,0.0,0.0,244.0,0.0,0.0,0.0,0.0,0.0,60.0,0.0,0.0,0.0,2664.0,0.0,0.0,0.0,0.0,0.0,1140.0,0.0,936.0,0.0,0.0,0.0,0.0,0.0,0.0,0.0,0.0,0.0,0.0,0.0,0.0,0.0,0.0,0.0,0.0,0.0,0.0,0.0,0.0,0.0,140.0,0.0,0.0,0.0,0.0,0.0,0.0,0.0,1920.0,0.0,0.0,0.0,2876.0,0.0,0.0,0.0,0.0,1468.0
大洋洲,0.0,0.0,1152.0,0.0,1000.0,60.0,8.0,0.0,0.0,0.0,0.0,4088.0,0.0,0.0,0.0,6168.0,0.0,8.0,576.0,0.0,0.0,0.0,0.0,432.0,1584.0,0.0,290.0,0.0,6440.0,4.0,12.0,642.0,2100.0,576.0,0.0,1032.0,2072.0,340.0,728.0,5040.0,0.0,0.0,660.0,0.0,0.0,0.0,0.0,460.0,0.0,0.0,0.0,0.0,0.0,288.0,288.0,246.0,0.0,0.0,0.0,72.0,0.0,0.0,7104.0,8.0,0.0,0.0,16.0,1616.0,0.0,0.0,0.0,194.0,0.0,600.0,1584.0,0.0,4176.0,0.0,210.0,14178.0,3888.0,0.0,0.0,2448.0,1296.0,576.0,1504.0,144.0,0.0
大陸,0.0,489.0,2748.0,1152.0,442.0,0.0,2.0,0.0,0.0,116.0,24.0,2702.0,0.0,8.0,6.0,720.0,0.0,299.0,0.0,18.0,132.0,0.0,173.0,36.0,72.0,0.0,357.0,0.0,4.0,6902.0,3.0,209.0,1210.0,1284.0,36.0,261.0,14.0,3115.0,40.0,108.0,583.0,602.0,6.0,242.0,0.0,0.0,6.0,7.0,99.0,0.0,2.0,29.0,29.0,0.0,57.0,1795.0,0.0,0.0,0.0,1204.0,373.0,0.0,1352.0,252.0,0.0,0.0,4.0,404.0,0.0,0.0,0.0,1706.0,0.0,540.0,297.0,0.0,156.0,0.0,101.0,8274.0,1.0,0.0,0.0,531.0,308.0,665.0,4.0,468.0,20.0
安全,56.0,1752.0,1580.0,677.0,4872.0,152.0,0.0,48.0,0.0,247.0,0.0,15407.0,27400.0,2528.0,22.0,1502.0,0.0,0.0,0.0,0.0,0.0,130.0,2085.0,0.0,0.0,24938.0,2662.0,0.0,12.0,3.0,181237.0,14444.0,21411.0,1352.0,0.0,21228.0,0.0,8463.0,0.0,0.0,52.0,915.0,401.0,4764.0,183.0,673.0,116.0,0.0,0.0,5520.0,26.0,0.0,87.0,0.0,0.0,7546.0,468.0,20036.0,8990.0,5984.0,4250.0,364.0,88.0,0.0,11051.0,0.0,286.0,456.0,0.0,0.0,0.0,24421.0,587.0,270.0,0.0,0.0,156.0,676.0,481.0,40874.0,0.0,26.0,1345.0,4086.0,0.0,0.0,540.0,1904.0,1235.0
安定,355.0,1394.0,4515.0,1038.0,1667.0,72.0,39.0,64.0,0.0,170.0,96.0,19086.0,5885.0,396.0,165.0,4370.0,50.0,223.0,171.0,1.0,179.0,294.0,3595.0,149.0,307.0,3610.0,3354.0,244.0,642.0,209.0,14444.0,22419.0,13104.0,276.0,14.0,3251.0,284.0,8684.0,140.0,671.0,98.0,1164.0,385.0,866.0,367.0,843.0,134.0,94.0,144.0,0.0,122.0,170.0,674.0,77.0,125.0,3071.0,390.0,3694.0,4216.0,4444.0,1061.0,49.0,1489.0,81.0,2672.0,188.0,179.0,750.0,36.0,151.0,0.0,12346.0,153.0,386.0,371.0,0.0,534.0,108.0,665.0,40312.0,443.0,32.0,30.0,11922.0,228.0,198.0,376.0,584.0,2802.0
專業,2243.0,7139.0,34362.0,1284.0,13744.0,354.0,414.0,240.0,5600.0,2796.0,506.0,196105.0,0.0,16771.0,15234.0,28804.0,78.0,1974.0,1320.0,86.0,1494.0,8898.0,16802.0,1023.0,1632.0,0.0,46561.0,0.0,2100.0,1210.0,21411.0,13104.0,753672.0,2540.0,622.0,3302.0,1301.0,63424.0,768.0,2806.0,1058.0,49016.0,5430.0,7051.0,6249.0,8520.0,1642.0,712.0,1056.0,0.0,362.0,1243.0,1456.0,402.0,876.0,34173.0,6679.0,1034.0,6133.0,54564.0,7026.0,1435.0,7092.0,1058.0,13599.0,0.0,592.0,9492.0,534.0,1122.0,0.0,85359.0,2092.0,3660.0,1872.0,0.0,1758.0,428.0,9834.0,313149.0,1210.0,40.0,1070.0,7284.0,1074.0,1500.0,4225.0,1942.0,10594.0
巴基斯坦,0.0,15.0,3239.0,392.0,838.0,0.0,18.0,153.0,0.0,1647.0,27.0,8533.0,0.0,963.0,0.0,2161.0,0.0,459.0,100.0,15.0,417.0,101.0,167.0,142.0,605.0,0.0,817.0,0.0,576.0,1284.0,1352.0,276.0,2540.0,5186.0,62.0,369.0,296.0,4149.0,216.0,895.0,450.0,3910.0,126.0,378.0,0.0,0.0,0.0,99.0,162.0,0.0,4.0,63.0,46.0,50.0,155.0,30.0,0.0,0.0,0.0,243.0,0.0,0.0,2177.0,721.0,0.0,0.0,234.0,1362.0,0.0,0.0,0.0,3693.0,0.0,767.0,527.0,0.0,1031.0,27.0,191.0,15513.0,526.0,0.0,0.0,497.0,970.0,1796.0,274.0,452.0,0.0
巴西,0.0,0.0,305.0,151.0,116.0,0.0,0.0,0.0,0.0,0.0,5.0,553.0,0.0,0.0,21.0,148.0,0.0,60.0,1.0,7.0,108.0,76.0,144.0,167.0,57.0,0.0,24.0,0.0,0.0,36.0,0.0,14.0,622.0,62.0,234.0,77.0,0.0,590.0,0.0,217.0,74.0,177.0,22.0,0.0,0.0,0.0,0.0,0.0,8.0,0.0,12.0,12.0,0.0,24.0,24.0,24.0,0.0,0.0,0.0,0.0,0.0,0.0,285.0,32.0,0.0,0.0,1.0,350.0,0.0,0.0,0.0,316.0,0.0,98.0,24.0,0.0,15.0,36.0,19.0,1114.0,10.0,0.0,0.0,0.0,8.0,56.0,53.0,66.0,0.0
店頭,0.0,376.0,4959.0,687.0,2500.0,0.0,57.0,0.0,0.0,81.0,765.0,9697.0,11985.0,321.0,355.0,4088.0,0.0,297.0,6.0,19.0,411.0,60.0,1602.0,435.0,331.0,8522.0,5248.0,0.0,1032.0,261.0,21228.0,3251.0,3302.0,369.0,77.0,35301.0,126.0,17855.0,120.0,537.0,345.0,375.0,1158.0,922.0,920.0,1043.0,268.0,51.0,186.0,0.0,107.0,318.0,57.0,36.0,162.0,374.0,0.0,19847.0,804.0,90.0,2372.0,0.0,480.0,111.0,0.0,0.0,45.0,1808.0,75.0,0.0,0.0,14251.0,72.0,1267.0,102.0,0.0,135.0,39.0,280.0,20115.0,39.0,12.0,0.0,492.0,9.0,21.0,2315.0,3244.0,15.0
德國,0.0,80.0,760.0,94.0,730.0,0.0,70.0,0.0,0.0,0.0,0.0,3179.0,0.0,214.0,91.0,2467.0,0.0,340.0,345.0,0.0,222.0,0.0,198.0,335.0,953.0,0.0,410.0,0.0,2072.0,14.0,0.0,284.0,1301.0,296.0,0.0,126.0,1446.0,2544.0,518.0,2204.0,10.0,0.0,106.0,0.0,0.0,0.0,16.0,266.0,52.0,0.0,33.0,498.0,0.0,134.0,134.0,0.0,0.0,0.0,0.0,0.0,0.0,0.0,2576.0,78.0,0.0,0.0,60.0,865.0,250.0,0.0,0.0,930.0,0.0,76.0,670.0,0.0,1624.0,83.0,122.0,7099.0,1536.0,0.0,0.0,958.0,504.0,282.0,238.0,181.0,0.0
憑證,2340.0,17322.0,94455.0,4283.0,39307.0,610.0,1364.0,0.0,0.0,903.0,6710.0,273142.0,0.0,7443.0,4474.0,80853.0,36.0,5376.0,119.0,182.0,8004.0,8643.0,35483.0,5648.0,5575.0,0.0,112434.0,60.0,340.0,3115.0,8463.0,8684.0,63424.0,4149.0,590.0,17855.0,2544.0,508913.0,2734.0,6998.0,3963.0,9357.0,8821.0,18238.0,12975.0,26580.0,7090.0,1633.0,3402.0,2438.0,2434.0,5983.0,1814.0,380.0,1884.0,38233.0,3980.0,208.0,1193.0,28486.0,3189.0,184.0,3095.0,2395.0,1733.0,0.0,926.0,30977.0,45.0,979.0,0.0,143085.0,2953.0,14932.0,2389.0,0.0,2478.0,258.0,4887.0,364345.0,1996.0,1340.0,48.0,8774.0,392.0,420.0,16298.0,9946.0,4678.0
挪威,0.0,150.0,260.0,92.0,1684.0,0.0,4.0,0.0,0.0,0.0,18.0,2554.0,0.0,0.0,0.0,2022.0,0.0,688.0,176.0,0.0,792.0,0.0,342.0,144.0,1126.0,0.0,194.0,0.0,728.0,40.0,0.0,140.0,768.0,216.0,0.0,120.0,518.0,2734.0,852.0,1300.0,2.0,364.0,0.0,0.0,48.0,0.0,72.0,74.0,36.0,0.0,18.0,692.0,0.0,76.0,94.0,0.0,0.0,0.0,0.0,0.0,0.0,0.0,1012.0,202.0,0.0,0.0,164.0,268.0,0.0,0.0,0.0,322.0,0.0,36.0,436.0,0.0,718.0,48.0,76.0,7074.0,648.0,0.0,0.0,358.0,210.0,398.0,74.0,472.0,0.0
捷克,0.0,157.0,1391.0,37.0,2380.0,0.0,168.0,0.0,0.0,0.0,1823.0,6331.0,0.0,928.0,196.0,5934.0,0.0,1199.0,1042.0,31.0,1091.0,224.0,1040.0,1914.0,2560.0,0.0,554.0,0.0,5040.0,108.0,0.0,671.0,2806.0,895.0,217.0,537.0,2204.0,6998.0,1300.0,7085.0,260.0,1023.0,110.0,0.0,0.0,0.0,68.0,432.0,200.0,0.0,24.0,566.0,0.0,404.0,431.0,0.0,0.0,0.0,0.0,0.0,0.0,0.0,7336.0,195.0,0.0,0.0,58.0,1424.0,0.0,0.0,0.0,2013.0,7.0,337.0,1844.0,0.0,4869.0,130.0,276.0,20302.0,3926.0,0.0,0.0,2380.0,1288.0,872.0,331.0,809.0,0.0
新加坡,8.0,89.0,1504.0,109.0,149.0,0.0,24.0,0.0,0.0,93.0,30.0,3271.0,0.0,0.0,39.0,844.0,0.0,105.0,3.0,37.0,125.0,1291.0,172.0,201.0,266.0,0.0,397.0,0.0,0.0,583.0,52.0,98.0,1058.0,450.0,74.0,345.0,10.0,3963.0,2.0,260.0,1185.0,482.0,154.0,495.0,0.0,0.0,0.0,0.0,81.0,0.0,214.0,16.0,6.0,26.0,64.0,794.0,118.0,0.0,0.0,126.0,49.0,0.0,293.0,33.0,0.0,0.0,0.0,166.0,25.0,99.0,0.0,1190.0,51.0,224.0,160.0,0.0,72.0,14.0,74.0,6549.0,93.0,0.0,0.0,252.0,62.0,35.0,340.0,186.0,0.0
新興,0.0,63.0,1910.0,564.0,772.0,0.0,48.0,164.0,22414.0,7512.0,474.0,567658.0,1035.0,4664.0,70906.0,24013.0,0.0,114.0,364.0,203.0,18.0,0.0,2932.0,921.0,255.0,0.0,6048.0,2664.0,0.0,602.0,915.0,1164.0,49016.0,3910.0,177.0,375.0,0.0,9357.0,364.0,1023.0,482.0,594293.0,0.0,98.0,1429.0,21.0,0.0,46.0,48.0,600.0,0.0,0.0,0.0,12.0,574.0,1464.0,0.0,0.0,15187.0,18123.0,90.0,538.0,104.0,2384.0,0.0,1576.0,0.0,677.0,207.0,1476.0,0.0,8139.0,21.0,546.0,0.0,1000.0,2721.0,0.0,237.0,42412.0,66.0,0.0,0.0,3557.0,418.0,1726.0,0.0,0.0,11094.0
日本,0.0,101.0,1900.0,116.0,918.0,0.0,193.0,0.0,0.0,110.0,0.0,6581.0,0.0,10922.0,250.0,1965.0,0.0,142.0,22.0,0.0,170.0,80.0,1772.0,297.0,271.0,0.0,3325.0,0.0,660.0,6.0,401.0,385.0,5430.0,126.0,22.0,1158.0,106.0,8821.0,0.0,110.0,154.0,0.0,10560.0,198.0,841.0,616.0,0.0,0.0,169.0,0.0,291.0,560.0,0.0,22.0,209.0,816.0,2066.0,0.0,152.0,0.0,0.0,0.0,264.0,70.0,0.0,0.0,134.0,2568.0,0.0,0.0,0.0,16743.0,66.0,2308.0,77.0,0.0,33.0,22.0,185.0,9365.0,0.0,0.0,0.0,273.0,0.0,0.0,4750.0,77.0,58.0
期貨,621.0,2023.0,10627.0,306.0,3708.0,0.0,0.0,0.0,0.0,0.0,84.0,19289.0,0.0,14.0,101.0,10806.0,234.0,0.0,0.0,0.0,15.0,0.0,2957.0,238.0,0.0,0.0,5228.0,0.0,0.0,242.0,4764.0,866.0,7051.0,378.0,0.0,922.0,0.0,18238.0,0.0,0.0,495.0,98.0,198.0,52302.0,417.0,3985.0,1826.0,0.0,90.0,0.0,0.0,0.0,0.0,0.0,0.0,2458.0,234.0,0.0,168.0,406.0,258.0,0.0,0.0,0.0,9.0,0.0,0.0,438.0,0.0,0.0,0.0,15967.0,1148.0,180.0,0.0,0.0,0.0,0.0,670.0,47439.0,0.0,56.0,63.0,1857.0,0.0,0.0,360.0,363.0,0.0
本國,0.0,839.0,1085.0,336.0,3382.0,0.0,0.0,0.0,0.0,0.0,0.0,18474.0,0.0,0.0,0.0,4373.0,0.0,0.0,0.0,0.0,0.0,0.0,5674.0,0.0,0.0,0.0,17183.0,0.0,0.0,0.0,183.0,367.0,6249.0,0.0,0.0,920.0,0.0,12975.0,48.0,0.0,0.0,1429.0,841.0,417.0,9451.0,4750.0,8.0,0.0,0.0,0.0,0.0,0.0,0.0,0.0,72.0,4084.0,0.0,0.0,459.0,1660.0,0.0,20.0,32.0,312.0,40.0,0.0,0.0,2449.0,0.0,0.0,0.0,13505.0,0.0,852.0,0.0,0.0,152.0,0.0,309.0,11267.0,0.0,160.0,0.0,252.0,24.0,0.0,1415.0,840.0,555.0
槓桿型,0.0,3066.0,9646.0,0.0,9479.0,0.0,0.0,0.0,0.0,0.0,0.0,47732.0,0.0,3.0,15.0,14539.0,0.0,0.0,0.0,0.0,0.0,0.0,10841.0,0.0,0.0,0.0,19304.0,0.0,0.0,0.0,673.0,843.0,8520.0,0.0,0.0,1043.0,0.0,26580.0,0.0,0.0,0.0,21.0,616.0,3985.0,4750.0,27546.0,604.0,0.0,0.0,0.0,0.0,0.0,602.0,0.0,0.0,3248.0,154.0,0.0,66.0,1811.0,28.0,0.0,0.0,0.0,0.0,240.0,0.0,7210.0,0.0,154.0,0.0,20843.0,300.0,560.0,0.0,0.0,0.0,0.0,588.0,42377.0,0.0,628.0,0.0,1197.0,0.0,0.0,1120.0,0.0,0.0
權證,86.0,420.0,3382.0,20.0,604.0,0.0,0.0,0.0,0.0,0.0,0.0,5808.0,0.0,0.0,16.0,2968.0,12.0,76.0,0.0,0.0,102.0,0.0,808.0,0.0,80.0,0.0,3250.0,0.0,0.0,6.0,116.0,134.0,1642.0,0.0,0.0,268.0,16.0,7090.0,72.0,68.0,0.0,0.0,0.0,1826.0,8.0,604.0,1928.0,0.0,46.0,0.0,6.0,56.0,210.0,0.0,0.0,240.0,56.0,0.0,22.0,102.0,12.0,0.0,0.0,2.0,0.0,0.0,6.0,40.0,0.0,44.0,0.0,3544.0,162.0,0.0,28.0,0.0,0.0,0.0,116.0,10012.0,12.0,16.0,10.0,196.0,0.0,0.0,8.0,48.0,200.0
歐洲,220.0,0.0,138.0,0.0,99.0,0.0,38.0,27.0,0.0,798.0,0.0,2694.0,0.0,180.0,370.0,462.0,0.0,14.0,392.0,0.0,3.0,9.0,18.0,48.0,132.0,0.0,96.0,1140.0,460.0,7.0,0.0,94.0,712.0,99.0,0.0,51.0,266.0,1633.0,74.0,432.0,0.0,46.0,0.0,0.0,0.0,0.0,0.0,2008.0,33.0,0.0,0.0,0.0,0.0,36.0,38.0,340.0,0.0,0.0,0.0,336.0,0.0,0.0,763.0,14.0,0.0,0.0,28.0,263.0,198.0,0.0,0.0,1680.0,0.0,0.0,132.0,0.0,348.0,0.0,52.0,3119.0,330.0,0.0,0.0,231.0,168.0,48.0,7.0,12.0,0.0
法國,0.0,122.0,1258.0,135.0,251.0,0.0,49.0,0.0,0.0,87.0,520.0,2618.0,0.0,36.0,186.0,808.0,0.0,428.0,257.0,0.0,105.0,0.0,249.0,250.0,131.0,0.0,1106.0,0.0,0.0,99.0,0.0,144.0,1056.0,162.0,8.0,186.0,52.0,3402.0,36.0,200.0,81.0,48.0,169.0,90.0,0.0,0.0,46.0,33.0,831.0,0.0,63.0,269.0,18.0,87.0,171.0,54.0,0.0,0.0,0.0,162.0,0.0,0.0,1191.0,57.0,0.0,0.0,114.0,192.0,0.0,0.0,0.0,1267.0,42.0,293.0,327.0,0.0,287.0,48.0,95.0,6038.0,0.0,0.0,0.0,626.0,153.0,60.0,358.0,109.0,0.0
波動,0.0,0.0,0.0,1537.0,0.0,1120.0,0.0,16380.0,1200.0,0.0,0.0,33707.0,0.0,1963.0,13300.0,1200.0,0.0,0.0,0.0,0.0,0.0,0.0,0.0,0.0,0.0,0.0,0.0,936.0,0.0,0.0,5520.0,0.0,0.0,0.0,0.0,0.0,0.0,2438.0,0.0,0.0,0.0,600.0,0.0,0.0,0.0,0.0,0.0,0.0,0.0,145067.0,0.0,0.0,0.0,0.0,0.0,0.0,0.0,0.0,650.0,0.0,0.0,0.0,0.0,0.0,1080.0,0.0,0.0,0.0,0.0,506.0,0.0,349.0,0.0,0.0,0.0,1320.0,0.0,0.0,0.0,400.0,0.0,0.0,0.0,3594.0,0.0,0.0,0.0,276.0,0.0
泰國,0.0,21.0,699.0,43.0,83.0,0.0,19.0,0.0,0.0,2.0,0.0,1528.0,0.0,0.0,2.0,514.0,0.0,0.0,33.0,0.0,6.0,20.0,68.0,204.0,304.0,0.0,462.0,0.0,0.0,2.0,26.0,122.0,362.0,4.0,12.0,107.0,33.0,2434.0,18.0,24.0,214.0,0.0,291.0,0.0,0.0,0.0,6.0,0.0,63.0,0.0,439.0,137.0,0.0,6.0,6.0,14.0,22.0,0.0,38.0,19.0,0.0,0.0,0.0,6.0,0.0,0.0,28.0,302.0,0.0,0.0,0.0,609.0,95.0,313.0,133.0,0.0,57.0,21.0,34.0,2910.0,255.0,0.0,0.0,198.0,0.0,12.0,606.0,27.0,0.0
澳洲,0.0,260.0,805.0,329.0,1413.0,0.0,112.0,0.0,0.0,308.0,0.0,2411.0,0.0,0.0,154.0,1755.0,0.0,615.0,344.0,0.0,714.0,2.0,351.0,501.0,944.0,0.0,347.0,0.0,0.0,29.0,0.0,170.0,1243.0,63.0,12.0,318.0,498.0,5983.0,692.0,566.0,16.0,0.0,560.0,0.0,0.0,0.0,56.0,0.0,269.0,0.0,137.0,4818.0,0.0,98.0,493.0,0.0,0.0,0.0,0.0,599.0,0.0,0.0,0.0,35.0,0.0,0.0,14.0,823.0,0.0,0.0,0.0,1111.0,7.0,613.0,168.0,0.0,0.0,120.0,111.0,9674.0,84.0,0.0,0.0,304.0,0.0,120.0,1210.0,415.0,0.0
澳門,0.0,0.0,628.0,1131.0,32.0,0.0,0.0,0.0,0.0,48.0,0.0,12225.0,0.0,0.0,0.0,52.0,0.0,78.0,0.0,0.0,0.0,0.0,0.0,0.0,0.0,0.0,312.0,0.0,0.0,29.0,87.0,674.0,1456.0,46.0,0.0,57.0,0.0,1814.0,0.0,0.0,6.0,0.0,0.0,0.0,0.0,602.0,210.0,0.0,18.0,0.0,0.0,0.0,4916.0,0.0,0.0,2150.0,946.0,0.0,0.0,1294.0,172.0,0.0,132.0,0.0,0.0,0.0,0.0,0.0,0.0,946.0,0.0,3392.0,258.0,18.0,72.0,0.0,0.0,0.0,94.0,8619.0,8.0,0.0,0.0,261.0,66.0,0.0,0.0,0.0,0.0
瑞典,0.0,56.0,224.0,32.0,115.0,0.0,60.0,0.0,0.0,0.0,6.0,983.0,0.0,36.0,44.0,526.0,0.0,40.0,285.0,0.0,86.0,96.0,189.0,70.0,150.0,0.0,396.0,0.0,288.0,0.0,0.0,77.0,402.0,50.0,24.0,36.0,134.0,380.0,76.0,404.0,26.0,12.0,22.0,0.0,0.0,0.0,0.0,36.0,87.0,0.0,6.0,98.0,0.0,129.0,133.0,0.0,0.0,0.0,0.0,0.0,0.0,0.0,768.0,62.0,0.0,0.0,52.0,160.0,0.0,0.0,0.0,25.0,2.0,20.0,124.0,0.0,276.0,96.0,37.0,1506.0,216.0,0.0,0.0,208.0,84.0,176.0,50.0,96.0,0.0
瑞士,80.0,128.0,280.0,54.0,180.0,0.0,140.0,0.0,0.0,160.0,60.0,3656.0,0.0,84.0,66.0,1373.0,0.0,42.0,590.0,0.0,93.0,136.0,340.0,94.0,110.0,0.0,657.0,0.0,288.0,57.0,0.0,125.0,876.0,155.0,24.0,162.0,134.0,1884.0,94.0,431.0,64.0,574.0,209.0,0.0,72.0,0.0,0.0,38.0,171.0,0.0,6.0,493.0,0.0,133.0,661.0,0.0,0.0,0.0,0.0,0.0,0.0,0.0,752.0,282.0,0.0,0.0,0.0,619.0,0.0,0.0,0.0,184.0,3.0,244.0,124.0,0.0,241.0,102.0,75.0,4492.0,216.0,0.0,0.0,253.0,129.0,331.0,443.0,82.0,0.0
百分之七十,2279.0,5866.0,8003.0,1045.0,8056.0,990.0,0.0,0.0,0.0,8.0,0.0,41257.0,0.0,3336.0,269.0,3242.0,230.0,0.0,0.0,8.0,250.0,898.0,11047.0,0.0,0.0,0.0,57595.0,0.0,246.0,1795.0,7546.0,3071.0,34173.0,30.0,24.0,374.0,0.0,38233.0,0.0,0.0,794.0,1464.0,816.0,2458.0,4084.0,3248.0,240.0,340.0,54.0,0.0,14.0,0.0,2150.0,0.0,0.0,176496.0,6032.0,144.0,3225.0,26628.0,3874.0,484.0,0.0,114.0,18174.0,0.0,154.0,1136.0,0.0,1254.0,0.0,36815.0,6969.0,265.0,0.0,0.0,105.0,0.0,1182.0,92923.0,0.0,6.0,120.0,5805.0,0.0,0.0,150.0,1575.0,306.0
百分之九十,6.0,96.0,748.0,68.0,48.0,0.0,0.0,0.0,0.0,154.0,0.0,19290.0,0.0,7470.0,0.0,156.0,12.0,0.0,0.0,118.0,0.0,11438.0,1120.0,0.0,0.0,0.0,51324.0,0.0,0.0,0.0,468.0,390.0,6679.0,0.0,0.0,0.0,0.0,3980.0,0.0,0.0,118.0,0.0,2066.0,234.0,0.0,154.0,56.0,0.0,0.0,0.0,22.0,0.0,946.0,0.0,0.0,6032.0,133986.0,282.0,1390.0,7136.0,3410.0,496.0,0.0,0.0,724.0,0.0,242.0,0.0,0.0,726.0,0.0,18651.0,111.0,0.0,0.0,0.0,126.0,0.0,100.0,16959.0,0.0,0.0,220.0,225.0,0.0,0.0,0.0,0.0,210.0
百分之二十,128.0,288.0,160.0,1116.0,115.0,160.0,0.0,0.0,0.0,0.0,0.0,1288.0,23389.0,1480.0,0.0,184.0,0.0,0.0,0.0,0.0,0.0,0.0,208.0,0.0,0.0,7635.0,114.0,0.0,0.0,0.0,20036.0,3694.0,1034.0,0.0,0.0,19847.0,0.0,208.0,0.0,0.0,0.0,0.0,0.0,0.0,0.0,0.0,0.0,0.0,0.0,0.0,0.0,0.0,0.0,0.0,0.0,144.0,282.0,56282.0,2540.0,1380.0,5191.0,98.0,0.0,0.0,660.0,0.0,0.0,0.0,0.0,0.0,0.0,1362.0,16.0,0.0,0.0,0.0,0.0,0.0,22.0,4820.0,0.0,0.0,0.0,1944.0,0.0,0.0,0.0,6324.0,0.0
百分之五,0.0,324.0,2069.0,104.0,478.0,0.0,0.0,0.0,1115.0,402.0,92.0,27963.0,3987.0,1036.0,5496.0,164.0,0.0,0.0,0.0,0.0,0.0,190.0,165.0,0.0,0.0,1617.0,2023.0,0.0,0.0,0.0,8990.0,4216.0,6133.0,0.0,0.0,804.0,0.0,1193.0,0.0,0.0,0.0,15187.0,152.0,168.0,459.0,66.0,22.0,0.0,0.0,650.0,38.0,0.0,0.0,0.0,0.0,3225.0,1390.0,2540.0,36983.0,2373.0,1226.0,0.0,0.0,0.0,200.0,0.0,418.0,44.0,6.0,418.0,0.0,6570.0,102.0,0.0,0.0,0.0,760.0,0.0,42.0,10131.0,0.0,0.0,140.0,4579.0,0.0,0.0,0.0,204.0,770.0
百分之六十,1688.0,9929.0,11604.0,6575.0,1359.0,280.0,0.0,38.0,3688.0,1039.0,120.0,240091.0,0.0,9856.0,850.0,2504.0,36.0,0.0,85.0,111.0,572.0,11971.0,5186.0,180.0,0.0,0.0,13824.0,0.0,72.0,1204.0,5984.0,4444.0,54564.0,243.0,0.0,90.0,0.0,28486.0,0.0,0.0,126.0,18123.0,0.0,406.0,1660.0,1811.0,102.0,336.0,162.0,0.0,19.0,599.0,1294.0,0.0,0.0,26628.0,7136.0,1380.0,2373.0,324872.0,8629.0,2000.0,0.0,222.0,2262.0,0.0,0.0,3026.0,22.0,770.0,0.0,59337.0,2204.0,315.0,0.0,0.0,1562.0,0.0,1397.0,165240.0,0.0,336.0,1020.0,6010.0,0.0,0.0,0.0,1580.0,46788.0
百分之十,66.0,156.0,1104.0,66.0,127.0,40.0,0.0,0.0,0.0,0.0,0.0,18956.0,1750.0,4886.0,4.0,678.0,4.0,0.0,0.0,49.0,0.0,5037.0,860.0,0.0,0.0,1204.0,920.0,0.0,0.0,373.0,4250.0,1061.0,7026.0,0.0,0.0,2372.0,0.0,3189.0,0.0,0.0,49.0,90.0,0.0,258.0,0.0,28.0,12.0,0.0,0.0,0.0,0.0,0.0,172.0,0.0,0.0,3874.0,3410.0,5191.0,1226.0,8629.0,22509.0,0.0,0.0,0.0,253.0,0.0,0.0,92.0,0.0,748.0,0.0,14277.0,126.0,0.0,0.0,0.0,105.0,0.0,59.0,16526.0,0.0,0.0,640.0,1713.0,0.0,0.0,0.0,272.0,895.0
百分之四十,0.0,0.0,0.0,0.0,0.0,0.0,0.0,0.0,0.0,90.0,0.0,2480.0,0.0,0.0,0.0,258.0,0.0,0.0,0.0,4.0,0.0,0.0,0.0,0.0,0.0,0.0,1475.0,0.0,0.0,0.0,364.0,49.0,1435.0,0.0,0.0,0.0,0.0,184.0,0.0,0.0,0.0,538.0,0.0,0.0,20.0,0.0,0.0,0.0,0.0,0.0,0.0,0.0,0.0,0.0,0.0,484.0,496.0,98.0,0.0,2000.0,0.0,17563.0,0.0,0.0,0.0,0.0,0.0,0.0,0.0,36.0,0.0,4261.0,0.0,0.0,0.0,0.0,0.0,0.0,49.0,6760.0,0.0,0.0,0.0,0.0,0.0,0.0,0.0,0.0,928.0
百慕達,0.0,256.0,6024.0,531.0,2530.0,0.0,0.0,9.0,0.0,352.0,227.0,15400.0,0.0,728.0,1023.0,9308.0,0.0,3237.0,829.0,0.0,745.0,995.0,2700.0,552.0,2304.0,0.0,1410.0,0.0,7104.0,1352.0,88.0,1489.0,7092.0,2177.0,285.0,480.0,2576.0,3095.0,1012.0,7336.0,293.0,104.0,264.0,0.0,32.0,0.0,0.0,763.0,1191.0,0.0,0.0,0.0,132.0,768.0,752.0,0.0,0.0,0.0,0.0,0.0,0.0,0.0,26995.0,646.0,0.0,0.0,401.0,2160.0,0.0,0.0,0.0,1546.0,0.0,2011.0,5195.0,0.0,6325.0,538.0,639.0,40073.0,4970.0,64.0,0.0,9563.0,3543.0,2108.0,637.0,818.0,0.0
盧森堡,0.0,72.0,1160.0,67.0,721.0,0.0,14.0,0.0,0.0,0.0,258.0,3692.0,0.0,0.0,0.0,3405.0,0.0,164.0,67.0,0.0,169.0,128.0,166.0,102.0,170.0,0.0,249.0,0.0,8.0,252.0,0.0,81.0,1058.0,721.0,32.0,111.0,78.0,2395.0,202.0,195.0,33.0,2384.0,70.0,0.0,312.0,0.0,2.0,14.0,57.0,0.0,6.0,35.0,0.0,62.0,282.0,114.0,0.0,0.0,0.0,222.0,0.0,0.0,646.0,2329.0,0.0,0.0,190.0,594.0,50.0,0.0,0.0,1044.0,0.0,284.0,48.0,0.0,283.0,95.0,86.0,6790.0,0.0,0.0,0.0,5.0,211.0,1191.0,142.0,320.0,0.0
短期,1930.0,16.0,2107.0,0.0,11452.0,0.0,0.0,0.0,0.0,0.0,0.0,22773.0,0.0,0.0,166.0,1975.0,0.0,0.0,0.0,0.0,0.0,0.0,8461.0,0.0,0.0,1386.0,3169.0,0.0,0.0,0.0,11051.0,2672.0,13599.0,0.0,0.0,0.0,0.0,1733.0,0.0,0.0,0.0,0.0,0.0,9.0,40.0,0.0,0.0,0.0,0.0,1080.0,0.0,0.0,0.0,0.0,0.0,18174.0,724.0,660.0,200.0,2262.0,253.0,0.0,0.0,0.0,130139.0,0.0,0.0,0.0,0.0,0.0,0.0,1233.0,61.0,0.0,0.0,0.0,0.0,0.0,1407.0,50994.0,0.0,0.0,2524.0,1010.0,0.0,0.0,0.0,0.0,0.0
積極,0.0,0.0,0.0,0.0,0.0,0.0,0.0,0.0,0.0,0.0,0.0,856.0,0.0,0.0,0.0,0.0,0.0,0.0,0.0,0.0,0.0,0.0,0.0,0.0,0.0,0.0,0.0,0.0,0.0,0.0,0.0,188.0,0.0,0.0,0.0,0.0,0.0,0.0,0.0,0.0,0.0,1576.0,0.0,0.0,0.0,240.0,0.0,0.0,0.0,0.0,0.0,0.0,0.0,0.0,0.0,0.0,0.0,0.0,0.0,0.0,0.0,0.0,0.0,0.0,0.0,1474.0,0.0,0.0,0.0,0.0,0.0,0.0,0.0,0.0,0.0,0.0,0.0,0.0,0.0,512.0,0.0,0.0,0.0,0.0,0.0,0.0,0.0,0.0,0.0
紐西蘭,0.0,38.0,546.0,183.0,111.0,0.0,12.0,0.0,0.0,0.0,83.0,1946.0,0.0,0.0,27.0,863.0,0.0,12.0,105.0,0.0,21.0,140.0,213.0,0.0,520.0,0.0,82.0,0.0,16.0,4.0,286.0,179.0,592.0,234.0,1.0,45.0,60.0,926.0,164.0,58.0,0.0,0.0,134.0,0.0,0.0,0.0,6.0,28.0,114.0,0.0,28.0,14.0,0.0,52.0,0.0,154.0,242.0,0.0,418.0,0.0,0.0,0.0,401.0,190.0,0.0,0.0,966.0,110.0,0.0,0.0,0.0,494.0,0.0,16.0,6.0,0.0,572.0,78.0,35.0,2606.0,0.0,0.0,0.0,54.0,0.0,676.0,43.0,32.0,0.0
美國,0.0,733.0,14645.0,434.0,4498.0,0.0,237.0,0.0,0.0,121.0,451.0,38901.0,0.0,60.0,313.0,8988.0,0.0,263.0,253.0,0.0,644.0,222.0,4155.0,623.0,736.0,0.0,11157.0,0.0,1616.0,404.0,456.0,750.0,9492.0,1362.0,350.0,1808.0,865.0,30977.0,268.0,1424.0,166.0,677.0,2568.0,438.0,2449.0,7210.0,40.0,263.0,192.0,0.0,302.0,823.0,0.0,160.0,619.0,1136.0,0.0,0.0,44.0,3026.0,92.0,0.0,2160.0,594.0,0.0,0.0,110.0,28092.0,0.0,0.0,0.0,12629.0,186.0,4059.0,413.0,0.0,765.0,145.0,652.0,42889.0,666.0,116.0,0.0,904.0,372.0,1128.0,4924.0,2723.0,2316.0
美洲,0.0,100.0,250.0,0.0,50.0,0.0,0.0,0.0,0.0,33.0,0.0,1023.0,0.0,0.0,0.0,125.0,0.0,250.0,121.0,0.0,0.0,0.0,236.0,0.0,0.0,0.0,0.0,0.0,0.0,0.0,0.0,36.0,534.0,0.0,0.0,75.0,250.0,45.0,0.0,0.0,25.0,207.0,0.0,0.0,0.0,0.0,0.0,198.0,0.0,0.0,0.0,0.0,0.0,0.0,0.0,0.0,0.0,0.0,6.0,22.0,0.0,0.0,0.0,50.0,0.0,0.0,0.0,0.0,748.0,0.0,0.0,0.0,0.0,0.0,0.0,0.0,0.0,125.0,36.0,865.0,0.0,0.0,0.0,0.0,0.0,0.0,0.0,0.0,0.0
股債,0.0,0.0,132.0,0.0,0.0,0.0,0.0,0.0,0.0,0.0,0.0,8667.0,0.0,0.0,0.0,1234.0,0.0,0.0,0.0,18.0,0.0,4320.0,0.0,0.0,0.0,0.0,396.0,0.0,0.0,0.0,0.0,151.0,1122.0,0.0,0.0,0.0,0.0,979.0,0.0,0.0,99.0,1476.0,0.0,0.0,0.0,154.0,44.0,0.0,0.0,506.0,0.0,0.0,946.0,0.0,0.0,1254.0,726.0,0.0,418.0,770.0,748.0,36.0,0.0,0.0,0.0,0.0,0.0,0.0,0.0,3228.0,0.0,2772.0,66.0,0.0,0.0,0.0,0.0,0.0,33.0,3729.0,0.0,0.0,0.0,597.0,0.0,0.0,0.0,0.0,1016.0
股市,3330.0,0.0,0.0,0.0,0.0,525.0,0.0,0.0,0.0,0.0,0.0,0.0,0.0,0.0,0.0,0.0,0.0,0.0,0.0,0.0,0.0,0.0,0.0,0.0,0.0,0.0,0.0,0.0,0.0,0.0,0.0,0.0,0.0,0.0,0.0,0.0,0.0,0.0,0.0,0.0,0.0,0.0,0.0,0.0,0.0,0.0,0.0,0.0,0.0,0.0,0.0,0.0,0.0,0.0,0.0,0.0,0.0,0.0,0.0,0.0,0.0,0.0,0.0,0.0,0.0,0.0,0.0,0.0,0.0,0.0,2210.0,0.0,0.0,0.0,0.0,0.0,0.0,0.0,0.0,560.0,0.0,0.0,0.0,804.0,0.0,0.0,0.0,0.0,0.0
股票,5472.0,10303.0,64904.0,2897.0,19165.0,882.0,325.0,522.0,0.0,271.0,4418.0,141128.0,0.0,32349.0,1432.0,36519.0,450.0,1888.0,95.0,122.0,3705.0,11320.0,25045.0,2627.0,1017.0,0.0,70064.0,140.0,194.0,1706.0,24421.0,12346.0,85359.0,3693.0,316.0,14251.0,930.0,143085.0,322.0,2013.0,1190.0,8139.0,16743.0,15967.0,13505.0,20843.0,3544.0,1680.0,1267.0,349.0,609.0,1111.0,3392.0,25.0,184.0,36815.0,18651.0,1362.0,6570.0,59337.0,14277.0,4261.0,1546.0,1044.0,1233.0,0.0,494.0,12629.0,0.0,2772.0,0.0,1251035.0,4453.0,6045.0,942.0,0.0,1383.0,40.0,3757.0,357495.0,578.0,398.0,1324.0,25775.0,882.0,175.0,6643.0,4827.0,821.0
興櫃,30.0,2184.0,2260.0,12.0,537.0,0.0,17.0,0.0,0.0,0.0,0.0,4581.0,0.0,3.0,42.0,2285.0,0.0,2.0,2.0,0.0,7.0,0.0,272.0,0.0,65.0,0.0,661.0,0.0,0.0,0.0,587.0,153.0,2092.0,0.0,0.0,72.0,0.0,2953.0,0.0,7.0,51.0,21.0,66.0,1148.0,0.0,300.0,162.0,0.0,42.0,0.0,95.0,7.0,258.0,2.0,3.0,6969.0,111.0,16.0,102.0,2204.0,126.0,0.0,0.0,0.0,61.0,0.0,0.0,186.0,0.0,66.0,0.0,4453.0,8859.0,60.0,35.0,0.0,15.0,0.0,131.0,7540.0,0.0,0.0,0.0,115.0,0.0,0.0,145.0,27.0,0.0
英國,0.0,152.0,3805.0,301.0,1354.0,0.0,166.0,0.0,0.0,169.0,333.0,9453.0,0.0,0.0,262.0,3561.0,0.0,613.0,29.0,0.0,624.0,124.0,1622.0,632.0,339.0,0.0,3954.0,0.0,600.0,540.0,270.0,386.0,3660.0,767.0,98.0,1267.0,76.0,14932.0,36.0,337.0,224.0,546.0,2308.0,180.0,852.0,560.0,0.0,0.0,293.0,0.0,313.0,613.0,18.0,20.0,244.0,265.0,0.0,0.0,0.0,315.0,0.0,0.0,2011.0,284.0,0.0,0.0,16.0,4059.0,0.0,0.0,0.0,6045.0,60.0,5131.0,556.0,0.0,165.0,40.0,309.0,17316.0,0.0,0.0,0.0,1487.0,270.0,207.0,4485.0,832.0,0.0
葡萄牙,0.0,56.0,1726.0,223.0,1100.0,0.0,7.0,0.0,0.0,81.0,0.0,4741.0,0.0,321.0,54.0,2371.0,0.0,1242.0,176.0,0.0,379.0,96.0,281.0,132.0,845.0,0.0,549.0,0.0,1584.0,297.0,0.0,371.0,1872.0,527.0,24.0,102.0,670.0,2389.0,436.0,1844.0,160.0,0.0,77.0,0.0,0.0,0.0,28.0,132.0,327.0,0.0,133.0,168.0,72.0,124.0,124.0,0.0,0.0,0.0,0.0,0.0,0.0,0.0,5195.0,48.0,0.0,0.0,6.0,413.0,0.0,0.0,0.0,942.0,35.0,556.0,1573.0,0.0,1459.0,48.0,171.0,12016.0,1224.0,0.0,0.0,2188.0,966.0,281.0,195.0,266.0,0.0
被動,0.0,0.0,0.0,0.0,0.0,0.0,0.0,24.0,0.0,0.0,0.0,1912.0,0.0,0.0,0.0,0.0,0.0,0.0,0.0,0.0,0.0,0.0,0.0,0.0,0.0,0.0,0.0,0.0,0.0,0.0,0.0,0.0,0.0,0.0,0.0,0.0,0.0,0.0,0.0,0.0,0.0,1000.0,0.0,0.0,0.0,0.0,0.0,0.0,0.0,1320.0,0.0,0.0,0.0,0.0,0.0,0.0,0.0,0.0,0.0,0.0,0.0,0.0,0.0,0.0,0.0,0.0,0.0,0.0,0.0,0.0,0.0,0.0,0.0,0.0,0.0,12452.0,0.0,0.0,0.0,0.0,0.0,0.0,0.0,0.0,0.0,0.0,0.0,0.0,0.0
西亞,0.0,0.0,818.0,184.0,555.0,0.0,3.0,0.0,0.0,267.0,2436.0,5902.0,0.0,0.0,18.0,4401.0,0.0,732.0,552.0,3.0,0.0,0.0,48.0,1431.0,1776.0,0.0,2505.0,0.0,4176.0,156.0,156.0,534.0,1758.0,1031.0,15.0,135.0,1624.0,2478.0,718.0,4869.0,72.0,2721.0,33.0,0.0,152.0,0.0,0.0,348.0,287.0,0.0,57.0,0.0,0.0,276.0,241.0,105.0,126.0,0.0,760.0,1562.0,105.0,0.0,6325.0,283.0,0.0,0.0,572.0,765.0,0.0,0.0,0.0,1383.0,15.0,165.0,1459.0,0.0,11073.0,66.0,165.0,12996.0,3138.0,0.0,0.0,2458.0,1131.0,1141.0,72.0,138.0,0.0
西班牙,24.0,47.0,358.0,45.0,114.0,0.0,6.0,0.0,0.0,0.0,27.0,2062.0,0.0,0.0,0.0,338.0,0.0,98.0,48.0,0.0,96.0,140.0,264.0,96.0,101.0,0.0,339.0,0.0,0.0,0.0,676.0,108.0,428.0,27.0,36.0,39.0,83.0,258.0,48.0,130.0,14.0,0.0,22.0,0.0,0.0,0.0,0.0,0.0,48.0,0.0,21.0,120.0,0.0,96.0,102.0,0.0,0.0,0.0,0.0,0.0,0.0,0.0,538.0,95.0,0.0,0.0,78.0,145.0,125.0,0.0,0.0,40.0,0.0,40.0,48.0,0.0,66.0,7722.0,38.0,1747.0,0.0,0.0,0.0,81.0,16.0,202.0,50.0,118.0,0.0
誠信,221.0,484.0,2836.0,112.0,1055.0,31.0,35.0,16.0,0.0,88.0,47.0,8165.0,0.0,177.0,97.0,2675.0,6.0,176.0,121.0,2.0,146.0,46.0,1735.0,102.0,162.0,0.0,2512.0,0.0,210.0,101.0,481.0,665.0,9834.0,191.0,19.0,280.0,122.0,4887.0,76.0,276.0,74.0,237.0,185.0,670.0,309.0,588.0,116.0,52.0,95.0,0.0,34.0,111.0,94.0,37.0,75.0,1182.0,100.0,22.0,42.0,1397.0,59.0,49.0,639.0,86.0,1407.0,0.0,35.0,652.0,36.0,33.0,0.0,3757.0,131.0,309.0,171.0,0.0,165.0,38.0,675.0,19361.0,121.0,4.0,31.0,629.0,102.0,150.0,356.0,170.0,422.0
證券,2286.0,25762.0,217134.0,18406.0,82956.0,524.0,796.0,1896.0,8711.0,14949.0,3112.0,694297.0,610.0,36226.0,7575.0,159337.0,463.0,12742.0,4014.0,342.0,12424.0,22491.0,58325.0,6764.0,13595.0,5414.0,160941.0,1920.0,14178.0,8274.0,40874.0,40312.0,313149.0,15513.0,1114.0,20115.0,7099.0,364345.0,7074.0,20302.0,6549.0,42412.0,9365.0,47439.0,11267.0,42377.0,10012.0,3119.0,6038.0,400.0,2910.0,9674.0,8619.0,1506.0,4492.0,92923.0,16959.0,4820.0,10131.0,165240.0,16526.0,6760.0,40073.0,6790.0,50994.0,512.0,2606.0,42889.0,865.0,3729.0,560.0,357495.0,7540.0,17316.0,12016.0,0.0,12996.0,1747.0,19361.0,2323253.0,9454.0,768.0,19258.0,50028.0,7467.0,8972.0,15749.0,21190.0,49566.0
越南,0.0,24.0,150.0,28.0,631.0,0.0,0.0,18.0,0.0,98.0,0.0,2553.0,0.0,0.0,0.0,3411.0,0.0,114.0,432.0,2.0,134.0,6.0,82.0,366.0,1322.0,0.0,234.0,0.0,3888.0,1.0,0.0,443.0,1210.0,526.0,10.0,39.0,1536.0,1996.0,648.0,3926.0,93.0,66.0,0.0,0.0,0.0,0.0,12.0,330.0,0.0,0.0,255.0,84.0,8.0,216.0,216.0,0.0,0.0,0.0,0.0,0.0,0.0,0.0,4970.0,0.0,0.0,0.0,0.0,666.0,0.0,0.0,0.0,578.0,0.0,0.0,1224.0,0.0,3138.0,0.0,121.0,9454.0,10248.0,0.0,0.0,1836.0,996.0,432.0,12.0,180.0,0.0
連動型,0.0,328.0,250.0,0.0,308.0,0.0,0.0,0.0,0.0,0.0,0.0,3384.0,0.0,0.0,0.0,496.0,0.0,0.0,0.0,0.0,0.0,0.0,1016.0,0.0,0.0,0.0,356.0,0.0,0.0,0.0,26.0,32.0,40.0,0.0,0.0,12.0,0.0,1340.0,0.0,0.0,0.0,0.0,0.0,56.0,160.0,628.0,16.0,0.0,0.0,0.0,0.0,0.0,0.0,0.0,0.0,6.0,0.0,0.0,0.0,336.0,0.0,0.0,64.0,0.0,0.0,0.0,0.0,116.0,0.0,0.0,0.0,398.0,0.0,0.0,0.0,0.0,0.0,0.0,4.0,768.0,0.0,80.0,0.0,108.0,0.0,0.0,0.0,0.0,112.0
選擇權,8.0,3.0,0.0,0.0,6157.0,0.0,0.0,0.0,0.0,0.0,0.0,1792.0,0.0,4488.0,129.0,6.0,0.0,0.0,0.0,0.0,0.0,0.0,9.0,0.0,0.0,11892.0,2520.0,0.0,0.0,0.0,1345.0,30.0,1070.0,0.0,0.0,0.0,0.0,48.0,0.0,0.0,0.0,0.0,0.0,63.0,0.0,0.0,10.0,0.0,0.0,0.0,0.0,0.0,0.0,0.0,0.0,120.0,220.0,0.0,140.0,1020.0,640.0,0.0,0.0,0.0,2524.0,0.0,0.0,0.0,0.0,0.0,0.0,1324.0,0.0,0.0,0.0,0.0,0.0,0.0,31.0,19258.0,0.0,0.0,28895.0,0.0,0.0,0.0,0.0,0.0,0.0
長期,683.0,2786.0,7031.0,2346.0,2799.0,756.0,29.0,288.0,0.0,207.0,270.0,44803.0,1800.0,4184.0,1024.0,22282.0,196.0,1384.0,281.0,0.0,165.0,126.0,3673.0,348.0,871.0,135.0,22339.0,2876.0,2448.0,531.0,4086.0,11922.0,7284.0,497.0,0.0,492.0,958.0,8774.0,358.0,2380.0,252.0,3557.0,273.0,1857.0,252.0,1197.0,196.0,231.0,626.0,3594.0,198.0,304.0,261.0,208.0,253.0,5805.0,225.0,1944.0,4579.0,6010.0,1713.0,0.0,9563.0,5.0,1010.0,0.0,54.0,904.0,0.0,597.0,804.0,25775.0,115.0,1487.0,2188.0,0.0,2458.0,81.0,629.0,50028.0,1836.0,108.0,0.0,221666.0,1071.0,272.0,244.0,118.0,2119.0
開曼,0.0,0.0,990.0,198.0,389.0,0.0,0.0,108.0,0.0,39.0,0.0,3286.0,0.0,84.0,18.0,1710.0,0.0,603.0,144.0,0.0,36.0,68.0,42.0,108.0,396.0,0.0,193.0,0.0,1296.0,308.0,0.0,228.0,1074.0,970.0,8.0,9.0,504.0,392.0,210.0,1288.0,62.0,418.0,0.0,0.0,24.0,0.0,0.0,168.0,153.0,0.0,0.0,0.0,66.0,84.0,129.0,0.0,0.0,0.0,0.0,0.0,0.0,0.0,3543.0,211.0,0.0,0.0,0.0,372.0,0.0,0.0,0.0,882.0,0.0,270.0,966.0,0.0,1131.0,16.0,102.0,7467.0,996.0,0.0,0.0,1071.0,1050.0,557.0,0.0,56.0,0.0
阿根廷,0.0,0.0,1778.0,248.0,586.0,0.0,0.0,0.0,0.0,0.0,78.0,3187.0,0.0,749.0,0.0,1930.0,0.0,133.0,314.0,0.0,245.0,224.0,315.0,104.0,810.0,0.0,167.0,0.0,576.0,665.0,0.0,198.0,1500.0,1796.0,56.0,21.0,282.0,420.0,398.0,872.0,35.0,1726.0,0.0,0.0,0.0,0.0,0.0,48.0,60.0,0.0,12.0,120.0,0.0,176.0,331.0,0.0,0.0,0.0,0.0,0.0,0.0,0.0,2108.0,1191.0,0.0,0.0,676.0,1128.0,0.0,0.0,0.0,175.0,0.0,207.0,281.0,0.0,1141.0,202.0,150.0,8972.0,432.0,0.0,0.0,272.0,557.0,3382.0,7.0,228.0,0.0
韓國,0.0,167.0,3394.0,124.0,1965.0,0.0,420.0,0.0,0.0,230.0,5.0,9667.0,0.0,107.0,571.0,4223.0,0.0,369.0,51.0,0.0,430.0,0.0,2781.0,679.0,673.0,0.0,5227.0,0.0,1504.0,4.0,540.0,376.0,4225.0,274.0,53.0,2315.0,238.0,16298.0,74.0,331.0,340.0,0.0,4750.0,360.0,1415.0,1120.0,8.0,7.0,358.0,0.0,606.0,1210.0,0.0,50.0,443.0,150.0,0.0,0.0,0.0,0.0,0.0,0.0,637.0,142.0,0.0,0.0,43.0,4924.0,0.0,0.0,0.0,6643.0,145.0,4485.0,195.0,0.0,72.0,50.0,356.0,15749.0,12.0,0.0,0.0,244.0,0.0,7.0,9346.0,220.0,0.0
香港,0.0,167.0,7677.0,3200.0,2216.0,0.0,6.0,0.0,0.0,0.0,129.0,18178.0,2720.0,642.0,0.0,1998.0,0.0,564.0,31.0,0.0,777.0,160.0,813.0,170.0,658.0,680.0,1839.0,0.0,144.0,468.0,1904.0,584.0,1942.0,452.0,66.0,3244.0,181.0,9946.0,472.0,809.0,186.0,0.0,77.0,363.0,840.0,0.0,48.0,12.0,109.0,276.0,27.0,415.0,0.0,96.0,82.0,1575.0,0.0,6324.0,204.0,1580.0,272.0,0.0,818.0,320.0,0.0,0.0,32.0,2723.0,0.0,0.0,0.0,4827.0,27.0,832.0,266.0,0.0,138.0,118.0,170.0,21190.0,180.0,0.0,0.0,118.0,56.0,228.0,220.0,12833.0,0.0
高收益債,0.0,558.0,1794.0,1398.0,10.0,0.0,0.0,0.0,0.0,4067.0,0.0,140784.0,231.0,414.0,7920.0,2921.0,0.0,0.0,0.0,24.0,0.0,0.0,973.0,0.0,0.0,0.0,2674.0,1468.0,0.0,20.0,1235.0,2802.0,10594.0,0.0,0.0,15.0,0.0,4678.0,0.0,0.0,0.0,11094.0,58.0,0.0,555.0,0.0,200.0,0.0,0.0,0.0,0.0,0.0,0.0,0.0,0.0,306.0,210.0,0.0,770.0,46788.0,895.0,928.0,0.0,0.0,0.0,0.0,0.0,2316.0,0.0,1016.0,0.0,821.0,0.0,0.0,0.0,0.0,0.0,0.0,422.0,49566.0,0.0,112.0,0.0,2119.0,0.0,0.0,0.0,0.0,150273.0
